"DT_GERACAO";"HH_GERACAO";"ANO_ELEICAO";"CD_TIPO_ELEICAO";"NM_TIPO_ELEICAO";"NR_TURNO";"CD_ELEICAO";"DS_ELEICAO";"DT_ELEICAO";"TP_ABRANGENCIA";"SG_UF";"SG_UE";"NM_UE";"CD_MUNICIPIO";"NM_MUNICIPIO";"NR_ZONA";"CD_CARGO";"DS_CARGO";"QT_APTOS";"QT_SECOES_PRINCIPAIS";"QT_SECOES_AGREGADAS";"QT_SECOES_NAO_INSTALADAS";"QT_TOTAL_SECOES";"QT_COMPARECIMENTO";"QT_ELEITORES_SECOES_NAO_INSTALADAS";"QT_ABSTENCOES";"ST_VOTO_EM_TRANSITO";"QT_VOTOS";"QT_VOTOS_CONCORRENTES";"QT_TOTAL_VOTOS_VALIDOS";"QT_VOTOS_NOMINAIS_VALIDOS";"QT_TOTAL_VOTOS_LEG_VALIDOS";"QT_VOTOS_LEG_VALIDOS";"QT_VOTOS_NOM_CONVR_LEG_VALIDOS";"QT_TOTAL_VOTOS_ANULADOS";"QT_VOTOS_NOMINAIS_ANULADOS";"QT_VOTOS_LEGENDA_ANULADOS";"QT_TOTAL_VOTOS_ANUL_SUBJUD";"QT_VOTOS_NOMINAIS_ANUL_SUBJUD";"QT_VOTOS_LEGENDA_ANUL_SUBJUD";"QT_VOTOS_BRANCOS";"QT_TOTAL_VOTOS_NULOS";"QT_VOTOS_NULOS";"QT_VOTOS_NULOS_TECNICOS";"QT_VOTOS_ANULADOS_APU_SEP";"HH_ULTIMA_TOTALIZACAO";"DT_ULTIMA_TOTALIZACAO"
"12/05/2022";"13:48:48";2006;2;"Eleição Ordinária";2;2006002;"ELEIÇÕES GERAIS 2006 SEGUNDO TURNO";"29/10/2006";"F";"ZZ";"BR";"BRASIL";"98205";"TAILÂNDIA";84;1;"Presidente";43;1;0;0;1;15;0;28;"N";15;14;14;14;0;0;0;0;0;0;0;0;0;0;-2;1;0;0;"00:00:00";"29/10/2006"
"12/05/2022";"13:48:48";2006;2;"Eleição Ordinária";1;2006001;"ELEIÇÕES GERAIS 2006 PRIMEIRO TURNO";"01/10/2006";"F";"ZZ";"BR";"BRASIL";"29181";"JORDÂNIA";55;1;"Presidente";199;1;0;0;1;107;0;92;"N";107;102;102;102;0;0;0;0;0;0;0;0;0;4;-2;1;0;0;"00:00:00";"01/10/2006"
"12/05/2022";"13:48:48";2006;2;"Eleição Ordinária";1;2006001;"ELEIÇÕES GERAIS 2006 PRIMEIRO TURNO";"01/10/2006";"F";"ZZ";"BR";"BRASIL";"29122";"MARROCOS";61;1;"Presidente";39;1;0;0;1;19;0;20;"N";19;17;17;17;0;0;0;0;0;0;0;0;0;1;-2;1;0;0;"00:00:00";"01/10/2006"
"12/05/2022";"13:48:48";2006;2;"Eleição Ordinária";2;2006002;"ELEIÇÕES GERAIS 2006 SEGUNDO TURNO";"29/10/2006";"F";"ZZ";"BR";"BRASIL";"98060";"GABÃO";34;1;"Presidente";52;2;0;0;2;15;0;29;"N";15;14;14;14;0;0;0;0;0;0;0;0;0;0;-2;1;0;0;"00:00:00";"29/10/2006"
"12/05/2022";"13:48:48";2006;2;"Eleição Ordinária";2;2006002;"ELEIÇÕES GERAIS 2006 SEGUNDO TURNO";"29/10/2006";"F";"ZZ";"BR";"BRASIL";"98825";"ÍNDIA";45;1;"Presidente";55;1;0;0;1;22;0;33;"N";22;20;20;20;0;0;0;0;0;0;0;0;0;1;-2;1;0;0;"00:00:00";"29/10/2006"
"12/05/2022";"13:48:48";2006;2;"Eleição Ordinária";1;2006001;"ELEIÇÕES GERAIS 2006 PRIMEIRO TURNO";"01/10/2006";"F";"ZZ";"BR";"BRASIL";"29165";"KÊNIA";56;1;"Presidente";58;1;0;0;1;32;0;26;"N";32;31;31;31;0;0;0;0;0;0;0;0;0;0;-2;1;0;0;"00:00:00";"01/10/2006"
"12/05/2022";"13:48:48";2006;2;"Eleição Ordinária";2;2006002;"ELEIÇÕES GERAIS 2006 SEGUNDO TURNO";"29/10/2006";"F";"ZZ";"BR";"BRASIL";"29130";"MALÁSIA";60;1;"Presidente";42;1;0;0;1;25;0;17;"N";25;24;24;24;0;0;0;0;0;0;0;0;0;0;-2;1;0;0;"00:00:00";"29/10/2006"
"12/05/2022";"13:48:48";2006;2;"Eleição Ordinária";2;2006002;"ELEIÇÕES GERAIS 2006 SEGUNDO TURNO";"29/10/2006";"F";"ZZ";"BR";"BRASIL";"29246";"HAITI";41;1;"Presidente";36;1;0;0;1;26;0;10;"N";26;25;25;25;0;0;0;0;0;0;0;0;0;0;-2;1;0;0;"00:00:00";"29/10/2006"
"12/05/2022";"13:48:48";2006;2;"Eleição Ordinária";1;2006001;"ELEIÇÕES GERAIS 2006 PRIMEIRO TURNO";"01/10/2006";"F";"ZZ";"BR";"BRASIL";"11460";"PERU";73;1;"Presidente";485;2;0;0;2;314;0;171;"N";314;310;310;310;0;0;0;0;0;0;0;0;0;3;-2;1;0;0;"00:00:00";"01/10/2006"
"12/05/2022";"13:48:48";2006;2;"Eleição Ordinária";2;2006002;"ELEIÇÕES GERAIS 2006 SEGUNDO TURNO";"29/10/2006";"F";"ZZ";"BR";"BRASIL";"98566";"CHECOSLOVÁQUIA";15;1;"Presidente";50;1;0;0;1;38;0;12;"N";38;36;36;36;0;0;0;0;0;0;0;0;0;1;-2;1;0;0;"00:00:00";"29/10/2006"
"12/05/2022";"13:48:48";2006;2;"Eleição Ordinária";2;2006002;"ELEIÇÕES GERAIS 2006 SEGUNDO TURNO";"29/10/2006";"F";"ZZ";"BR";"BRASIL";"98582";"COSTA DO MARFIM";21;1;"Presidente";59;1;0;0;1;25;0;34;"N";25;24;24;24;0;0;0;0;0;0;0;0;0;0;-2;1;0;0;"00:00:00";"29/10/2006"
"12/05/2022";"13:48:48";2006;2;"Eleição Ordinária";2;2006002;"ELEIÇÕES GERAIS 2006 SEGUNDO TURNO";"29/10/2006";"F";"ZZ";"BR";"BRASIL";"98248";"SENEGAL";79;1;"Presidente";90;1;0;0;1;27;0;63;"N";27;25;25;25;0;0;0;0;0;0;0;0;0;1;-2;1;0;0;"00:00:00";"29/10/2006"
"12/05/2022";"13:48:48";2006;2;"Eleição Ordinária";2;2006002;"ELEIÇÕES GERAIS 2006 SEGUNDO TURNO";"29/10/2006";"F";"ZZ";"BR";"BRASIL";"11223";"EQUADOR";28;1;"Presidente";321;1;0;0;1;140;0;181;"N";140;137;137;137;0;0;0;0;0;0;0;0;0;2;-2;1;0;0;"00:00:00";"29/10/2006"
"12/05/2022";"13:48:48";2006;2;"Eleição Ordinária";1;2006001;"ELEIÇÕES GERAIS 2006 PRIMEIRO TURNO";"01/10/2006";"F";"ZZ";"BR";"BRASIL";"11541";"SURINAME";83;1;"Presidente";155;1;0;0;1;84;0;71;"N";84;82;82;82;0;0;0;0;0;0;0;0;0;1;-2;1;0;0;"00:00:00";"01/10/2006"
"12/05/2022";"13:48:48";2006;2;"Eleição Ordinária";1;2006001;"ELEIÇÕES GERAIS 2006 PRIMEIRO TURNO";"01/10/2006";"F";"ZZ";"BR";"BRASIL";"98566";"CHECOSLOVÁQUIA";15;1;"Presidente";50;1;0;0;1;35;0;15;"N";35;33;33;33;0;0;0;0;0;0;0;0;0;1;-2;1;0;0;"00:00:00";"01/10/2006"
"12/05/2022";"13:48:48";2006;2;"Eleição Ordinária";2;2006002;"ELEIÇÕES GERAIS 2006 SEGUNDO TURNO";"29/10/2006";"F";"ZZ";"BR";"BRASIL";"98868";"CUBA";23;1;"Presidente";459;1;1;0;2;261;0;198;"N";261;258;258;258;0;0;0;0;0;0;0;0;0;2;-2;1;0;0;"00:00:00";"29/10/2006"
"12/05/2022";"13:48:48";2006;2;"Eleição Ordinária";2;2006002;"ELEIÇÕES GERAIS 2006 SEGUNDO TURNO";"29/10/2006";"F";"ZZ";"BR";"BRASIL";"98124";"TUNÍSIA";87;1;"Presidente";33;1;0;0;1;15;0;18;"N";15;14;14;14;0;0;0;0;0;0;0;0;0;0;-2;1;0;0;"00:00:00";"29/10/2006"
"12/05/2022";"13:48:48";2006;2;"Eleição Ordinária";1;2006001;"ELEIÇÕES GERAIS 2006 PRIMEIRO TURNO";"01/10/2006";"F";"ZZ";"BR";"BRASIL";"98469";"EL SALVADOR";26;1;"Presidente";173;1;0;0;1;111;0;62;"N";111;110;110;110;0;0;0;0;0;0;0;0;0;0;-2;1;0;0;"00:00:00";"01/10/2006"
"12/05/2022";"13:48:48";2006;2;"Eleição Ordinária";1;2006001;"ELEIÇÕES GERAIS 2006 PRIMEIRO TURNO";"01/10/2006";"F";"ZZ";"BR";"BRASIL";"98027";"GUINÉ BISSAU";40;1;"Presidente";132;1;0;0;1;68;0;64;"N";68;67;67;67;0;0;0;0;0;0;0;0;0;0;-2;1;0;0;"00:00:00";"01/10/2006"
"12/05/2022";"13:48:48";2006;2;"Eleição Ordinária";2;2006002;"ELEIÇÕES GERAIS 2006 SEGUNDO TURNO";"29/10/2006";"F";"ZZ";"BR";"BRASIL";"11207";"CORÉIA";20;1;"Presidente";76;1;0;0;1;36;0;40;"N";36;35;35;35;0;0;0;0;0;0;0;0;0;0;-2;1;0;0;"00:00:00";"29/10/2006"
"12/05/2022";"13:48:48";2006;2;"Eleição Ordinária";2;2006002;"ELEIÇÕES GERAIS 2006 SEGUNDO TURNO";"29/10/2006";"F";"ZZ";"BR";"BRASIL";"98000";"GUATEMALA";37;1;"Presidente";170;1;0;0;1;95;0;75;"N";95;94;94;94;0;0;0;0;0;0;0;0;0;0;-2;1;0;0;"00:00:00";"29/10/2006"
"12/05/2022";"13:48:48";2006;2;"Eleição Ordinária";1;2006001;"ELEIÇÕES GERAIS 2006 PRIMEIRO TURNO";"01/10/2006";"F";"ZZ";"BR";"BRASIL";"98205";"TAILÂNDIA";84;1;"Presidente";43;1;0;0;1;16;0;27;"N";16;15;15;15;0;0;0;0;0;0;0;0;0;0;-2;1;0;0;"00:00:00";"01/10/2006"
"12/05/2022";"13:48:48";2006;2;"Eleição Ordinária";1;2006001;"ELEIÇÕES GERAIS 2006 PRIMEIRO TURNO";"01/10/2006";"F";"ZZ";"BR";"BRASIL";"29033";"IRLANDA";49;1;"Presidente";121;1;0;0;1;59;0;62;"N";59;58;58;58;0;0;0;0;0;0;0;0;0;0;-2;1;0;0;"00:00:00";"01/10/2006"
"12/05/2022";"13:48:48";2006;2;"Eleição Ordinária";1;2006001;"ELEIÇÕES GERAIS 2006 PRIMEIRO TURNO";"01/10/2006";"F";"ZZ";"BR";"BRASIL";"98647";"ROMÊNIA";77;1;"Presidente";46;1;0;0;1;28;0;18;"N";28;27;27;27;0;0;0;0;0;0;0;0;0;0;-2;1;0;0;"00:00:00";"01/10/2006"
"12/05/2022";"13:48:48";2006;2;"Eleição Ordinária";1;2006001;"ELEIÇÕES GERAIS 2006 PRIMEIRO TURNO";"01/10/2006";"F";"ZZ";"BR";"BRASIL";"11380";"JAPÃO";54;1;"Presidente";558;2;2;0;4;226;0;332;"N";226;216;216;216;0;0;0;0;0;0;0;0;0;9;-2;1;0;0;"00:00:00";"01/10/2006"
"12/05/2022";"13:48:48";2006;2;"Eleição Ordinária";1;2006001;"ELEIÇÕES GERAIS 2006 PRIMEIRO TURNO";"01/10/2006";"F";"ZZ";"BR";"BRASIL";"29025";"HONG KONG";43;1;"Presidente";151;1;0;0;1;49;0;102;"N";49;47;47;47;0;0;0;0;0;0;0;0;0;1;-2;1;0;0;"00:00:00";"01/10/2006"
"12/05/2022";"13:48:48";2006;2;"Eleição Ordinária";1;2006001;"ELEIÇÕES GERAIS 2006 PRIMEIRO TURNO";"01/10/2006";"F";"ZZ";"BR";"BRASIL";"29238";"HUNGRIA";44;1;"Presidente";76;1;0;0;1;42;0;34;"N";42;41;41;41;0;0;0;0;0;0;0;0;0;0;-2;1;0;0;"00:00:00";"01/10/2006"
"12/05/2022";"13:48:48";2006;2;"Eleição Ordinária";2;2006002;"ELEIÇÕES GERAIS 2006 SEGUNDO TURNO";"29/10/2006";"F";"ZZ";"BR";"BRASIL";"29076";"HONDURAS";42;1;"Presidente";88;1;0;0;1;40;0;48;"N";40;39;39;39;0;0;0;0;0;0;0;0;0;0;-2;1;0;0;"00:00:00";"29/10/2006"
"12/05/2022";"13:48:48";2006;2;"Eleição Ordinária";2;2006002;"ELEIÇÕES GERAIS 2006 SEGUNDO TURNO";"29/10/2006";"F";"ZZ";"BR";"BRASIL";"29025";"HONG KONG";43;1;"Presidente";151;1;0;0;1;44;0;107;"N";44;42;42;42;0;0;0;0;0;0;0;0;0;1;-2;1;0;0;"00:00:00";"29/10/2006"
"12/05/2022";"13:48:48";2006;2;"Eleição Ordinária";1;2006001;"ELEIÇÕES GERAIS 2006 PRIMEIRO TURNO";"01/10/2006";"F";"ZZ";"BR";"BRASIL";"98868";"CUBA";23;1;"Presidente";459;1;1;0;2;256;0;203;"N";256;255;255;255;0;0;0;0;0;0;0;0;0;0;-2;1;0;0;"00:00:00";"01/10/2006"
"12/05/2022";"13:48:48";2006;2;"Eleição Ordinária";1;2006001;"ELEIÇÕES GERAIS 2006 PRIMEIRO TURNO";"01/10/2006";"F";"ZZ";"BR";"BRASIL";"98000";"GUATEMALA";37;1;"Presidente";170;1;0;0;1;107;0;63;"N";107;104;104;104;0;0;0;0;0;0;0;0;0;2;-2;1;0;0;"00:00:00";"01/10/2006"
"12/05/2022";"13:48:48";2006;2;"Eleição Ordinária";2;2006002;"ELEIÇÕES GERAIS 2006 SEGUNDO TURNO";"29/10/2006";"F";"ZZ";"BR";"BRASIL";"29238";"HUNGRIA";44;1;"Presidente";76;1;0;0;1;32;0;44;"N";32;31;31;31;0;0;0;0;0;0;0;0;0;0;-2;1;0;0;"00:00:00";"29/10/2006"
