"DT_GERACAO";"HH_GERACAO";"ANO_ELEICAO";"CD_TIPO_ELEICAO";"NM_TIPO_ELEICAO";"NR_TURNO";"CD_ELEICAO";"DS_ELEICAO";"DT_ELEICAO";"TP_ABRANGENCIA";"SG_UF";"SG_UE";"NM_UE";"CD_MUNICIPIO";"NM_MUNICIPIO";"NR_ZONA";"CD_CARGO";"DS_CARGO";"SQ_CANDIDATO";"NR_CANDIDATO";"NM_CANDIDATO";"NM_URNA_CANDIDATO";"NM_SOCIAL_CANDIDATO";"CD_SITUACAO_CANDIDATURA";"DS_SITUACAO_CANDIDATURA";"CD_DETALHE_SITUACAO_CAND";"DS_DETALHE_SITUACAO_CAND";"CD_SITUACAO_JULGAMENTO";"DS_SITUACAO_JULGAMENTO";"CD_SITUACAO_CASSACAO";"DS_SITUACAO_CASSACAO";"CD_SITUACAO_DCONST_DIPLOMA";"DS_SITUACAO_DCONST_DIPLOMA";"TP_AGREMIACAO";"NR_PARTIDO";"SG_PARTIDO";"NM_PARTIDO";"NR_FEDERACAO";"NM_FEDERACAO";"SG_FEDERACAO";"DS_COMPOSICAO_FEDERACAO";"SQ_COLIGACAO";"NM_COLIGACAO";"DS_COMPOSICAO_COLIGACAO";"ST_VOTO_EM_TRANSITO";"QT_VOTOS_NOMINAIS";"NM_TIPO_DESTINACAO_VOTOS";"QT_VOTOS_NOMINAIS_VALIDOS";"CD_SIT_TOT_TURNO";"DS_SIT_TOT_TURNO"
"09/10/2026";"03:16:47";2022;2;"Eleição Ordinária";1;544;"ELEIÇÃO GERAL FEDERAL 2022";"02/10/2022";"F";"AP";"BR";"BRASIL";6092;"OIAPOQUE";4;1;"Presidente";280001612393;12;"CIRO FERREIRA GOMES";"CIRO GOMES";"#NULO";12;"APTO";2;"DEFERIDO";-3;"#NE";-3;"#NE";-3;"#NE";"PARTIDO ISOLADO";12;"PDT";"Partido Democrático Trabalhista";-1;"#NULO";"#NULO";"#NULO";280001681612;"PARTIDO ISOLADO";"PDT";"N";332;"Válido";332;4;"NÃO ELEITO"
"09/10/2026";"03:16:47";2022;2;"Eleição Ordinária";1;544;"ELEIÇÃO GERAL FEDERAL 2022";"02/10/2022";"F";"AP";"BR";"BRASIL";6092;"OIAPOQUE";4;1;"Presidente";280001600167;21;"SOFIA PADUA MANZANO";"SOFIA MANZANO";"#NULO";12;"APTO";2;"DEFERIDO";-3;"#NE";-3;"#NE";-3;"#NE";"PARTIDO ISOLADO";21;"PCB";"Partido Comunista Brasileiro";-1;"#NULO";"#NULO";"#NULO";280001681036;"PARTIDO ISOLADO";"PCB";"N";4;"Válido";4;4;"NÃO ELEITO"
"09/10/2026";"03:16:47";2022;2;"Eleição Ordinária";1;544;"ELEIÇÃO GERAL FEDERAL 2022";"02/10/2022";"F";"AP";"BR";"BRASIL";6092;"OIAPOQUE";4;1;"Presidente";280001618036;22;"JAIR MESSIAS BOLSONARO";"JAIR BOLSONARO";"#NULO";12;"APTO";2;"DEFERIDO";-3;"#NE";-3;"#NE";-3;"#NE";"COLIGAÇÃO";22;"PL";"Partido Liberal";-1;"#NULO";"#NULO";"#NULO";280001682069;"PELO BEM DO BRASIL";"PP / REPUBLICANOS / PL";"N";4353;"Válido";4353;6;"2º TURNO"
"09/10/2026";"03:16:47";2022;2;"Eleição Ordinária";1;544;"ELEIÇÃO GERAL FEDERAL 2022";"02/10/2022";"F";"AP";"BR";"BRASIL";6092;"OIAPOQUE";4;1;"Presidente";280001677435;27;"JOSE MARIA EYMAEL";"CONSTITUINTE EYMAEL";"#NULO";12;"APTO";2;"DEFERIDO";-3;"#NE";-3;"#NE";-3;"#NE";"PARTIDO ISOLADO";27;"DC";"Democracia Cristã";-1;"#NULO";"#NULO";"#NULO";280001684145;"PARTIDO ISOLADO";"DC";"N";2;"Válido";2;4;"NÃO ELEITO"
"09/10/2026";"03:16:47";2022;2;"Eleição Ordinária";1;544;"ELEIÇÃO GERAL FEDERAL 2022";"02/10/2022";"F";"AP";"BR";"BRASIL";6092;"OIAPOQUE";4;1;"Presidente";280001607831;16;"VERA LUCIA PEREIRA DA SILVA SALGADO";"VERA";"#NULO";12;"APTO";2;"DEFERIDO";-3;"#NE";-3;"#NE";-3;"#NE";"PARTIDO ISOLADO";16;"PSTU";"Partido Socialista dos Trabalhadores Unificado";-1;"#NULO";"#NULO";"#NULO";280001681360;"PARTIDO ISOLADO";"PSTU";"N";5;"Válido";5;4;"NÃO ELEITO"
"09/10/2026";"03:16:47";2022;2;"Eleição Ordinária";1;544;"ELEIÇÃO GERAL FEDERAL 2022";"02/10/2022";"F";"AP";"BR";"BRASIL";6092;"OIAPOQUE";4;1;"Presidente";280001607833;15;"SIMONE NASSAR TEBET";"SIMONE TEBET";"#NULO";12;"APTO";2;"DEFERIDO";-3;"#NE";-3;"#NE";-3;"#NE";"COLIGAÇÃO";15;"MDB";"Movimento Democrático Brasileiro";-1;"#NULO";"#NULO";"#NULO";280001681361;"COLIGAÇÃO BRASIL PARA TODOS";"MDB / Federação PSDB Cidadania (PSDB / CIDADANIA) / PODE";"N";385;"Válido";385;4;"NÃO ELEITO"
"09/10/2026";"03:16:47";2022;2;"Eleição Ordinária";1;544;"ELEIÇÃO GERAL FEDERAL 2022";"02/10/2022";"F";"AP";"BR";"BRASIL";6092;"OIAPOQUE";4;1;"Presidente";280001602702;80;"LEONARDO PÉRICLES VIEIRA ROQUE";"LÉO PÉRICLES";"#NULO";12;"APTO";2;"DEFERIDO";-3;"#NE";-3;"#NE";-3;"#NE";"PARTIDO ISOLADO";80;"UP";"Unidade Popular";-1;"#NULO";"#NULO";"#NULO";280001681181;"PARTIDO ISOLADO";"UP";"N";0;"Válido";0;4;"NÃO ELEITO"
"09/10/2026";"03:16:47";2022;2;"Eleição Ordinária";1;544;"ELEIÇÃO GERAL FEDERAL 2022";"02/10/2022";"F";"AP";"BR";"BRASIL";6092;"OIAPOQUE";4;1;"Presidente";280001734029;14;"KELMON LUIS DA SILVA SOUZA";"PADRE KELMON";"#NULO";12;"APTO";2;"DEFERIDO";-3;"#NE";-3;"#NE";-3;"#NE";"PARTIDO ISOLADO";14;"PTB";"Partido Trabalhista Brasileiro";-1;"#NULO";"#NULO";"#NULO";280001683500;"PARTIDO ISOLADO";"PTB";"N";9;"Válido";9;4;"NÃO ELEITO"
"09/10/2026";"03:16:47";2022;2;"Eleição Ordinária";1;544;"ELEIÇÃO GERAL FEDERAL 2022";"02/10/2022";"F";"AP";"BR";"BRASIL";6092;"OIAPOQUE";4;1;"Presidente";280001644128;44;"SORAYA VIEIRA THRONICKE";"SORAYA THRONICKE";"#NULO";12;"APTO";2;"DEFERIDO";-3;"#NE";-3;"#NE";-3;"#NE";"PARTIDO ISOLADO";44;"UNIÃO";"UNIÃO BRASIL";-1;"#NULO";"#NULO";"#NULO";280001683105;"PARTIDO ISOLADO";"UNIÃO";"N";90;"Válido";90;4;"NÃO ELEITO"
"09/10/2026";"03:16:47";2022;2;"Eleição Ordinária";2;545;"ELEIÇÃO GERAL FEDERAL 2022";"30/10/2022";"F";"AP";"BR";"BRASIL";6092;"OIAPOQUE";4;1;"Presidente";280001618036;22;"JAIR MESSIAS BOLSONARO";"JAIR BOLSONARO";"#NULO";12;"APTO";2;"DEFERIDO";-3;"#NE";-3;"#NE";-3;"#NE";"COLIGAÇÃO";22;"PL";"Partido Liberal";-1;"#NULO";"#NULO";"#NULO";280001682069;"PELO BEM DO BRASIL";"PP / REPUBLICANOS / PL";"N";4444;"Válido";4444;4;"NÃO ELEITO"
"09/10/2026";"03:16:47";2022;2;"Eleição Ordinária";1;544;"ELEIÇÃO GERAL FEDERAL 2022";"02/10/2022";"F";"AP";"BR";"BRASIL";6092;"OIAPOQUE";4;1;"Presidente";280001603612;30;"LUIZ FELIPE CHAVES D AVILA";"FELIPE D AVILA";"#NULO";12;"APTO";2;"DEFERIDO";-3;"#NE";-3;"#NE";-3;"#NE";"PARTIDO ISOLADO";30;"NOVO";"Partido Novo";-1;"#NULO";"#NULO";"#NULO";280001681210;"PARTIDO ISOLADO";"NOVO";"N";11;"Válido";11;4;"NÃO ELEITO"
"09/10/2026";"03:16:47";2022;2;"Eleição Ordinária";1;544;"ELEIÇÃO GERAL FEDERAL 2022";"02/10/2022";"F";"AP";"BR";"BRASIL";6092;"OIAPOQUE";4;1;"Presidente";280001607829;13;"LUIZ INÁCIO LULA DA SILVA";"LULA";"#NULO";12;"APTO";2;"DEFERIDO";-3;"#NE";-3;"#NE";-3;"#NE";"COLIGAÇÃO";13;"PT";"Partido dos Trabalhadores";2;"Federação Brasil da Esperança - FE BRASIL";"PT/PC do B/PV";"PC do B / PT / PV";280001681359;"COLIGAÇÃO BRASIL DA ESPERANÇA";"Federação Brasil da Esperança - FE BRASIL (PT / PC do B / PV) / SOLIDARIEDADE / Federação PSOL REDE (PSOL / REDE) / PSB / AGIR / AVANTE / PROS";"N";8885;"Válido";8885;6;"2º TURNO"
"09/10/2026";"03:16:47";2022;2;"Eleição Ordinária";2;545;"ELEIÇÃO GERAL FEDERAL 2022";"30/10/2022";"F";"AP";"BR";"BRASIL";6092;"OIAPOQUE";4;1;"Presidente";280001607829;13;"LUIZ INÁCIO LULA DA SILVA";"LULA";"#NULO";12;"APTO";2;"DEFERIDO";-3;"#NE";-3;"#NE";-3;"#NE";"COLIGAÇÃO";13;"PT";"Partido dos Trabalhadores";2;"Federação Brasil da Esperança - FE BRASIL";"PT/PC do B/PV";"PC do B / PT / PV";280001681359;"COLIGAÇÃO BRASIL DA ESPERANÇA";"Federação Brasil da Esperança - FE BRASIL (PT / PC do B / PV) / SOLIDARIEDADE / Federação PSOL REDE (PSOL / REDE) / PSB / AGIR / AVANTE / PROS";"N";8150;"Válido";8150;1;"ELEITO"
