"DT_GERACAO";"HH_GERACAO";"ANO_ELEICAO";"CD_TIPO_ELEICAO";"NM_TIPO_ELEICAO";"NR_TURNO";"CD_ELEICAO";"DS_ELEICAO";"DT_ELEICAO";"TP_ABRANGENCIA";"SG_UF";"SG_UE";"NM_UE";"CD_MUNICIPIO";"NM_MUNICIPIO";"NR_ZONA";"CD_CARGO";"DS_CARGO";"SQ_CANDIDATO";"NR_CANDIDATO";"NM_CANDIDATO";"NM_URNA_CANDIDATO";"NM_SOCIAL_CANDIDATO";"CD_SITUACAO_CANDIDATURA";"DS_SITUACAO_CANDIDATURA";"CD_DETALHE_SITUACAO_CAND";"DS_DETALHE_SITUACAO_CAND";"CD_SITUACAO_JULGAMENTO";"DS_SITUACAO_JULGAMENTO";"CD_SITUACAO_CASSACAO";"DS_SITUACAO_CASSACAO";"CD_SITUACAO_DIPLOMA";"DS_SITUACAO_DIPLOMA";"TP_AGREMIACAO";"NR_PARTIDO";"SG_PARTIDO";"NM_PARTIDO";"NR_FEDERACAO";"NM_FEDERACAO";"SG_FEDERACAO";"DS_COMPOSICAO_FEDERACAO";"SQ_COLIGACAO";"NM_COLIGACAO";"DS_COMPOSICAO_COLIGACAO";"ST_VOTO_EM_TRANSITO";"QT_VOTOS_NOMINAIS";"NM_TIPO_DESTINACAO_VOTOS";"QT_VOTOS_NOMINAIS_VALIDOS";"CD_SIT_TOT_TURNO";"DS_SIT_TOT_TURNO"
"13/11/2024";"10:56:11";2018;2;"Eleição Ordinária";2;296;"ELEIÇÃO GERAL FEDERAL 2018";"28/10/2018";"F";"AP";"BR";"BRASIL";6092;"OIAPOQUE";4;1;"Presidente";280000629808;13;"FERNANDO HADDAD";"FERNANDO HADDAD";"#NULO#";12;"APTO";2;"DEFERIDO";-3;"#NE";-3;"#NE";-3;"#NE";"COLIGAÇÃO";13;"PT";"Partido dos Trabalhadores";-1;"#NULO#";"#NULO#";"#NULO#";280000050703;"O POVO FELIZ DE NOVO";"PT / PC do B / PROS";"N";7335;"Válido";7335;4;"NÃO ELEITO"
"13/11/2024";"10:56:11";2018;2;"Eleição Ordinária";1;295;"ELEIÇÃO GERAL FEDERAL 2018";"07/10/2018";"F";"AP";"BR";"BRASIL";6092;"OIAPOQUE";4;1;"Presidente";280000622281;15;"HENRIQUE DE CAMPOS MEIRELLES";"HENRIQUE MEIRELLES";"#NULO#";12;"APTO";2;"DEFERIDO";-3;"#NE";-3;"#NE";-3;"#NE";"COLIGAÇÃO";15;"MDB";"Movimento Democrático Brasileiro";-1;"#NULO#";"#NULO#";"#NULO#";280000050592;"ESSA É A SOLUÇÃO";"MDB / PHS";"N";86;"Válido";86;4;"NÃO ELEITO"
"13/11/2024";"10:56:11";2018;2;"Eleição Ordinária";1;295;"ELEIÇÃO GERAL FEDERAL 2018";"07/10/2018";"F";"AP";"BR";"BRASIL";6092;"OIAPOQUE";4;1;"Presidente";280000622171;18;"MARIA OSMARINA MARINA DA SILVA VAZ DE LIMA";"MARINA SILVA";"#NULO#";12;"APTO";2;"DEFERIDO";-3;"#NE";-3;"#NE";-3;"#NE";"COLIGAÇÃO";18;"REDE";"Rede Sustentabilidade";-1;"#NULO#";"#NULO#";"#NULO#";280000050589;"UNIDOS PARA TRANSFORMAR O BRASIL";"REDE / PV";"N";167;"Válido";167;4;"NÃO ELEITO"
"13/11/2024";"10:56:11";2018;2;"Eleição Ordinária";1;295;"ELEIÇÃO GERAL FEDERAL 2018";"07/10/2018";"F";"AP";"BR";"BRASIL";6092;"OIAPOQUE";4;1;"Presidente";280000601016;50;"GUILHERME CASTRO BOULOS";"GUILHERME BOULOS";"#NULO#";12;"APTO";2;"DEFERIDO";-3;"#NE";-3;"#NE";-3;"#NE";"COLIGAÇÃO";50;"PSOL";"Partido Socialismo e Liberdade";-1;"#NULO#";"#NULO#";"#NULO#";280000050035;"VAMOS SEM MEDO DE MUDAR O BRASIL";"PSOL / PCB";"N";84;"Válido";84;4;"NÃO ELEITO"
"13/11/2024";"10:56:11";2018;2;"Eleição Ordinária";1;295;"ELEIÇÃO GERAL FEDERAL 2018";"07/10/2018";"F";"AP";"BR";"BRASIL";6092;"OIAPOQUE";4;1;"Presidente";280000605589;12;"CIRO FERREIRA GOMES";"CIRO GOMES";"#NULO#";12;"APTO";2;"DEFERIDO";-3;"#NE";-3;"#NE";-3;"#NE";"COLIGAÇÃO";12;"PDT";"Partido Democrático Trabalhista";-1;"#NULO#";"#NULO#";"#NULO#";280000050163;"BRASIL SOBERANO";"PDT / AVANTE";"N";816;"Válido";816;4;"NÃO ELEITO"
"13/11/2024";"10:56:11";2018;2;"Eleição Ordinária";1;295;"ELEIÇÃO GERAL FEDERAL 2018";"07/10/2018";"F";"AP";"BR";"BRASIL";6092;"OIAPOQUE";4;1;"Presidente";280000607640;30;"JOÃO DIONISIO FILGUEIRA BARRETO AMOEDO";"JOÃO AMOÊDO";"#NULO#";12;"APTO";2;"DEFERIDO";-3;"#NE";-3;"#NE";-3;"#NE";"PARTIDO ISOLADO";30;"NOVO";"Partido Novo";-1;"#NULO#";"#NULO#";"#NULO#";280000050199;"PARTIDO ISOLADO";"NOVO";"N";48;"Válido";48;4;"NÃO ELEITO"
"13/11/2024";"10:56:11";2018;2;"Eleição Ordinária";1;295;"ELEIÇÃO GERAL FEDERAL 2018";"07/10/2018";"F";"AP";"BR";"BRASIL";6092;"OIAPOQUE";4;1;"Presidente";280000624085;27;"JOSE MARIA EYMAEL";"EYMAEL";"#NULO#";12;"APTO";2;"DEFERIDO";-3;"#NE";-3;"#NE";-3;"#NE";"PARTIDO ISOLADO";27;"DC";"Democracia Cristã";-1;"#NULO#";"#NULO#";"#NULO#";280000050639;"PARTIDO ISOLADO";"DC";"N";8;"Válido";8;4;"NÃO ELEITO"
"13/11/2024";"10:56:11";2018;2;"Eleição Ordinária";1;295;"ELEIÇÃO GERAL FEDERAL 2018";"07/10/2018";"F";"AP";"BR";"BRASIL";6092;"OIAPOQUE";4;1;"Presidente";280000602477;45;"GERALDO JOSÉ RODRIGUES ALCKMIN FILHO";"GERALDO ALCKMIN";"#NULO#";12;"APTO";2;"DEFERIDO";-3;"#NE";-3;"#NE";-3;"#NE";"COLIGAÇÃO";45;"PSDB";"Partido da Social Democracia Brasileira";-1;"#NULO#";"#NULO#";"#NULO#";280000050070;"PARA UNIR O BRASIL";"PSDB / PTB / PP / PR / DEM / SOLIDARIEDADE / PPS / PRB / PSD";"N";350;"Válido";350;4;"NÃO ELEITO"
"13/11/2024";"10:56:11";2018;2;"Eleição Ordinária";1;295;"ELEIÇÃO GERAL FEDERAL 2018";"07/10/2018";"F";"AP";"BR";"BRASIL";6092;"OIAPOQUE";4;1;"Presidente";280000618462;19;"ALVARO FERNANDES DIAS";"ALVARO DIAS";"#NULO#";12;"APTO";2;"DEFERIDO";-3;"#NE";-3;"#NE";-3;"#NE";"COLIGAÇÃO";19;"PODE";"Podemos";-1;"#NULO#";"#NULO#";"#NULO#";280000050478;"MUDANÇA DE VERDADE";"PODE / PRP / PSC / PTC";"N";17;"Válido";17;4;"NÃO ELEITO"
"13/11/2024";"10:56:11";2018;2;"Eleição Ordinária";1;295;"ELEIÇÃO GERAL FEDERAL 2018";"07/10/2018";"F";"AP";"BR";"BRASIL";6092;"OIAPOQUE";4;1;"Presidente";280000624082;54;"JOÃO VICENTE FONTELLA GOULART";"JOÃO GOULART FILHO";"#NULO#";12;"APTO";2;"DEFERIDO";-3;"#NE";-3;"#NE";-3;"#NE";"PARTIDO ISOLADO";54;"PPL";"Partido Pátria Livre";-1;"#NULO#";"#NULO#";"#NULO#";280000050638;"PARTIDO ISOLADO";"PPL";"N";4;"Válido";4;4;"NÃO ELEITO"
"13/11/2024";"10:56:11";2018;2;"Eleição Ordinária";1;295;"ELEIÇÃO GERAL FEDERAL 2018";"07/10/2018";"F";"AP";"BR";"BRASIL";6092;"OIAPOQUE";4;1;"Presidente";280000602500;51;"BENEVENUTO DACIOLO FONSECA DOS SANTOS";"CABO DACIOLO";"#NULO#";12;"APTO";2;"DEFERIDO";-3;"#NE";-3;"#NE";-3;"#NE";"PARTIDO ISOLADO";51;"PATRI";"Patriota";-1;"#NULO#";"#NULO#";"#NULO#";280000050072;"PARTIDO ISOLADO";"PATRI";"N";161;"Válido";161;4;"NÃO ELEITO"
"13/11/2024";"10:56:11";2018;2;"Eleição Ordinária";1;295;"ELEIÇÃO GERAL FEDERAL 2018";"07/10/2018";"F";"AP";"BR";"BRASIL";6092;"OIAPOQUE";4;1;"Presidente";280000601173;16;"VERA LUCIA PEREIRA DA SILVA SALGADO";"VERA";"#NULO#";12;"APTO";2;"DEFERIDO";-3;"#NE";-3;"#NE";-3;"#NE";"PARTIDO ISOLADO";16;"PSTU";"Partido Socialista dos Trabalhadores Unificado";-1;"#NULO#";"#NULO#";"#NULO#";280000050040;"PARTIDO ISOLADO";"PSTU";"N";10;"Válido";10;4;"NÃO ELEITO"
"13/11/2024";"10:56:11";2018;2;"Eleição Ordinária";2;296;"ELEIÇÃO GERAL FEDERAL 2018";"28/10/2018";"F";"AP";"BR";"BRASIL";6092;"OIAPOQUE";4;1;"Presidente";280000614517;17;"JAIR MESSIAS BOLSONARO";"JAIR BOLSONARO";"#NULO#";12;"APTO";2;"DEFERIDO";-3;"#NE";-3;"#NE";-3;"#NE";"COLIGAÇÃO";17;"PSL";"Partido Social Liberal";-1;"#NULO#";"#NULO#";"#NULO#";280000050386;"BRASIL ACIMA DE TUDO, DEUS ACIMA DE TODOS";"PSL / PRTB";"N";3589;"Válido";3589;1;"ELEITO"
"13/11/2024";"10:56:11";2018;2;"Eleição Ordinária";1;295;"ELEIÇÃO GERAL FEDERAL 2018";"07/10/2018";"F";"AP";"BR";"BRASIL";6092;"OIAPOQUE";4;1;"Presidente";280000614517;17;"JAIR MESSIAS BOLSONARO";"JAIR BOLSONARO";"#NULO#";12;"APTO";2;"DEFERIDO";-3;"#NE";-3;"#NE";-3;"#NE";"COLIGAÇÃO";17;"PSL";"Partido Social Liberal";-1;"#NULO#";"#NULO#";"#NULO#";280000050386;"BRASIL ACIMA DE TUDO, DEUS ACIMA DE TODOS";"PSL / PRTB";"N";3620;"Válido";3620;6;"2º TURNO"
"13/11/2024";"10:56:11";2018;2;"Eleição Ordinária";1;295;"ELEIÇÃO GERAL FEDERAL 2018";"07/10/2018";"F";"BA";"BR";"BRASIL";37036;"MAIRI";86;1;"Presidente";280000629808;13;"FERNANDO HADDAD";"FERNANDO HADDAD";"#NULO#";12;"APTO";2;"DEFERIDO";-3;"#NE";-3;"#NE";-3;"#NE";"COLIGAÇÃO";13;"PT";"Partido dos Trabalhadores";-1;"#NULO#";"#NULO#";"#NULO#";280000050703;"O POVO FELIZ DE NOVO";"PT / PC do B / PROS";"N";6092;"Válido";6092;6;"2º TURNO"
"13/11/2024";"10:56:11";2018;2;"Eleição Ordinária";1;295;"ELEIÇÃO GERAL FEDERAL 2018";"07/10/2018";"F";"AP";"BR";"BRASIL";6092;"OIAPOQUE";4;1;"Presidente";280000629808;13;"FERNANDO HADDAD";"FERNANDO HADDAD";"#NULO#";12;"APTO";2;"DEFERIDO";-3;"#NE";-3;"#NE";-3;"#NE";"COLIGAÇÃO";13;"PT";"Partido dos Trabalhadores";-1;"#NULO#";"#NULO#";"#NULO#";280000050703;"O POVO FELIZ DE NOVO";"PT / PC do B / PROS";"N";7070;"Válido";7070;6;"2º TURNO"
