"DT_GERACAO";"HH_GERACAO";"ANO_ELEICAO";"CD_TIPO_ELEICAO";"NM_TIPO_ELEICAO";"NR_TURNO";"CD_ELEICAO";"DS_ELEICAO";"DT_ELEICAO";"TP_ABRANGENCIA";"SG_UF";"SG_UE";"NM_UE";"CD_MUNICIPIO";"NM_MUNICIPIO";"NR_ZONA";"CD_CARGO";"DS_CARGO";"SQ_CANDIDATO";"NR_CANDIDATO";"NM_CANDIDATO";"NM_URNA_CANDIDATO";"NM_SOCIAL_CANDIDATO";"CD_SITUACAO_CANDIDATURA";"DS_SITUACAO_CANDIDATURA";"CD_DETALHE_SITUACAO_CAND";"DS_DETALHE_SITUACAO_CAND";"TP_AGREMIACAO";"NR_PARTIDO";"SG_PARTIDO";"NM_PARTIDO";"NR_FEDERACAO";"NM_FEDERACAO";"SG_FEDERACAO";"DS_COMPOSICAO_FEDERACAO";"SQ_COLIGACAO";"NM_COLIGACAO";"DS_COMPOSICAO_COLIGACAO";"ST_VOTO_EM_TRANSITO";"QT_VOTOS_NOMINAIS";"NM_TIPO_DESTINACAO_VOTOS";"QT_VOTOS_NOMINAIS_VALIDOS";"CD_SIT_TOT_TURNO";"DS_SIT_TOT_TURNO"
"20/09/2023";"17:53:41";"1998";2;"Eleição Ordinária";1;1998001;"ELEIÇÕES ORDINÁRIAS - 1998";"04/10/1998";"F";"AC";"BR";"BRASIL";"01120";"ACRELANDIA";8;1;"Presidente";280002801000331;33;"IVAN MOACYR DA FROTA";"BRIGADEIRO IVAN FROTA";"#NE";2;"DEFERIDO";-3;"#NE";"PARTIDO ISOLADO";33;"PMN";"Partido da Mobilização Nacional";-3;"#NE";"#NE";"#NE";-3;"PARTIDO ISOLADO";"PMN";"N";0;"#NE";27;4;"NÃO ELEITO"
"20/09/2023";"17:53:41";"1998";2;"Eleição Ordinária";1;1998001;"ELEIÇÕES ORDINÁRIAS - 1998";"04/10/1998";"F";"AC";"BR";"BRASIL";"01120";"ACRELANDIA";8;1;"Presidente";280002801000231;23;"CIRO FERREIRA GOMES";"CIRO GOMES";"#NE";2;"DEFERIDO";-3;"#NE";"COLIGAÇÃO";23;"PPS";"Partido Popular Socialista";-3;"#NE";"#NE";"#NE";-3;"BRASIL REAL E JUSTO";"PL / PPS / PAN ";"N";0;"#NE";173;4;"NÃO ELEITO"
"20/09/2023";"17:53:41";"1998";2;"Eleição Ordinária";1;1998001;"ELEIÇÕES ORDINÁRIAS - 1998";"04/10/1998";"F";"AC";"BR";"BRASIL";"01120";"ACRELANDIA";8;1;"Presidente";280002801000561;56;"ENÉAS FERREIRA CARNEIRO";"ENÉAS";"#NE";2;"DEFERIDO";-3;"#NE";"PARTIDO ISOLADO";56;"PRONA";"Partido da Reedificação da Ordem Nacional";-3;"#NE";"#NE";"#NE";-3;"PARTIDO ISOLADO";"PRONA";"N";0;"#NE";64;4;"NÃO ELEITO"
"20/09/2023";"17:53:41";"1998";2;"Eleição Ordinária";1;1998001;"ELEIÇÕES ORDINÁRIAS - 1998";"04/10/1998";"F";"AC";"BR";"BRASIL";"01120";"ACRELANDIA";8;1;"Presidente";280002801000271;27;"JOSÉ MARIA EYMAEL";"EYMAEL";"#NE";2;"DEFERIDO";-3;"#NE";"PARTIDO ISOLADO";27;"PSDC";"Partido Social Democrata Cristão";-3;"#NE";"#NE";"#NE";-3;"PARTIDO ISOLADO";"PSDC";"N";0;"#NE";12;4;"NÃO ELEITO"
"20/09/2023";"17:53:41";"1998";2;"Eleição Ordinária";1;1998001;"ELEIÇÕES ORDINÁRIAS - 1998";"04/10/1998";"F";"AC";"BR";"BRASIL";"01120";"ACRELANDIA";8;1;"Presidente";280002801000451;45;"FERNANDO HENRIQUE CARDOSO";"FERNANDO HENRIQUE";"#NE";2;"DEFERIDO";-3;"#NE";"COLIGAÇÃO";45;"PSDB";"Partido da Social Democracia Brasileira";-3;"#NE";"#NE";"#NE";-3;"UNIÃO TRABALHO E PROGRESSO";"PPB / PTB / PFL / PSD / PSDB ";"N";0;"#NE";2158;1;"ELEITO"
"20/09/2023";"17:53:41";"1998";2;"Eleição Ordinária";1;1998001;"ELEIÇÕES ORDINÁRIAS - 1998";"04/10/1998";"F";"AC";"BR";"BRASIL";"01120";"ACRELANDIA";8;1;"Presidente";280002801000701;70;"JOÃO DE DEUS BARBOSA DE JESUS";"JOÃO DE DEUS BARBOSA";"#NE";2;"DEFERIDO";-3;"#NE";"PARTIDO ISOLADO";70;"PT do B";"Partido Trabalhista do Brasil";-3;"#NE";"#NE";"#NE";-3;"PARTIDO ISOLADO";"PT do B";"N";0;"#NE";19;4;"NÃO ELEITO"
"20/09/2023";"17:53:41";"1998";2;"Eleição Ordinária";1;1998001;"ELEIÇÕES ORDINÁRIAS - 1998";"04/10/1998";"F";"AC";"BR";"BRASIL";"01120";"ACRELANDIA";8;1;"Presidente";280002801000131;13;"LUIZ INÁCIO LULA DA SILVA";"LULA";"#NE";2;"DEFERIDO";-3;"#NE";"COLIGAÇÃO";13;"PT";"Partido dos Trabalhadores";-3;"#NE";"#NE";"#NE";-3;"UNIÃO DO POVO MUDA BRASIL";"PDT / PT / PCB / PSB / PC do B ";"N";0;"#NE";585;4;"NÃO ELEITO"
"20/09/2023";"17:53:41";"1998";2;"Eleição Ordinária";1;1998001;"ELEIÇÕES ORDINÁRIAS - 1998";"04/10/1998";"F";"AC";"BR";"BRASIL";"01120";"ACRELANDIA";8;1;"Presidente";280002801000201;20;"SERGIO BUENO";"SERGIO BUENO";"#NE";2;"DEFERIDO";-3;"#NE";"PARTIDO ISOLADO";20;"PSC";"Partido Social Cristão";-3;"#NE";"#NE";"#NE";-3;"PARTIDO ISOLADO";"PSC";"N";0;"#NE";6;4;"NÃO ELEITO"
"20/09/2023";"17:53:41";"1998";2;"Eleição Ordinária";1;1998001;"ELEIÇÕES ORDINÁRIAS - 1998";"04/10/1998";"F";"AC";"BR";"BRASIL";"01120";"ACRELANDIA";8;1;"Presidente";280002801000431;43;"ALFREDO HÉLIO SYRKIS";"SIRKIS";"#NE";2;"DEFERIDO";-3;"#NE";"PARTIDO ISOLADO";43;"PV";"Partido Verde";-3;"#NE";"#NE";"#NE";-3;"PARTIDO ISOLADO";"PV";"N";0;"#NE";21;4;"NÃO ELEITO"
"20/09/2023";"17:53:41";"1998";2;"Eleição Ordinária";1;1998001;"ELEIÇÕES ORDINÁRIAS - 1998";"04/10/1998";"F";"AC";"BR";"BRASIL";"01120";"ACRELANDIA";8;1;"Presidente";280002801000191;19;"THEREZA TINAJERO RUIZ";"THEREZA RUIZ";"#NE";6;"RENÚNCIA";-3;"#NE";"PARTIDO ISOLADO";19;"PTN";"Partido Trabalhista Nacional";-3;"#NE";"#NE";"#NE";-3;"PARTIDO ISOLADO";"PTN";"N";0;"#NE";4;4;"NÃO ELEITO"
"20/09/2023";"17:53:41";"1998";2;"Eleição Ordinária";1;1998001;"ELEIÇÕES ORDINÁRIAS - 1998";"04/10/1998";"F";"AC";"BR";"BRASIL";"01120";"ACRELANDIA";8;1;"Presidente";280002801000311;31;"VASCO AZEVEDO NETO";"VASCO NETO";"#NE";2;"DEFERIDO";-3;"#NE";"PARTIDO ISOLADO";31;"PSN";"Partido da Solidariedade Nacional";-3;"#NE";"#NE";"#NE";-3;"PARTIDO ISOLADO";"PSN";"N";0;"#NE";9;4;"NÃO ELEITO"
"20/09/2023";"17:53:41";"1998";2;"Eleição Ordinária";1;1998001;"ELEIÇÕES ORDINÁRIAS - 1998";"04/10/1998";"F";"AC";"BR";"BRASIL";"01120";"ACRELANDIA";8;1;"Presidente";280002801000161;16;"JOSÉ MARIA DE ALMEIDA";"ZÉ MARIA";"#NE";2;"DEFERIDO";-3;"#NE";"PARTIDO ISOLADO";16;"PSTU";"Partido Socialista dos Trabalhadores Unificado";-3;"#NE";"#NE";"#NE";-3;"PARTIDO ISOLADO";"PSTU";"N";0;"#NE";21;4;"NÃO ELEITO"
"20/09/2023";"17:53:41";"1998";2;"Eleição Ordinária";1;1998001;"ELEIÇÕES ORDINÁRIAS - 1998";"04/10/1998";"F";"AC";"BR";"BRASIL";"01570";"ASSIS BRASIL";6;1;"Presidente";280002801000331;33;"IVAN MOACYR DA FROTA";"BRIGADEIRO IVAN FROTA";"#NE";2;"DEFERIDO";-3;"#NE";"PARTIDO ISOLADO";33;"PMN";"Partido da Mobilização Nacional";-3;"#NE";"#NE";"#NE";-3;"PARTIDO ISOLADO";"PMN";"N";0;"#NE";23;4;"NÃO ELEITO"
"20/09/2023";"17:53:41";"1998";2;"Eleição Ordinária";1;1998001;"ELEIÇÕES ORDINÁRIAS - 1998";"04/10/1998";"F";"AC";"BR";"BRASIL";"01570";"ASSIS BRASIL";6;1;"Presidente";280002801000231;23;"CIRO FERREIRA GOMES";"CIRO GOMES";"#NE";2;"DEFERIDO";-3;"#NE";"COLIGAÇÃO";23;"PPS";"Partido Popular Socialista";-3;"#NE";"#NE";"#NE";-3;"BRASIL REAL E JUSTO";"PL / PPS / PAN ";"N";0;"#NE";93;4;"NÃO ELEITO"
"20/09/2023";"17:53:41";"1998";2;"Eleição Ordinária";1;1998001;"ELEIÇÕES ORDINÁRIAS - 1998";"04/10/1998";"F";"AC";"BR";"BRASIL";"01570";"ASSIS BRASIL";6;1;"Presidente";280002801000561;56;"ENÉAS FERREIRA CARNEIRO";"ENÉAS";"#NE";2;"DEFERIDO";-3;"#NE";"PARTIDO ISOLADO";56;"PRONA";"Partido da Reedificação da Ordem Nacional";-3;"#NE";"#NE";"#NE";-3;"PARTIDO ISOLADO";"PRONA";"N";0;"#NE";72;4;"NÃO ELEITO"
"20/09/2023";"17:53:41";"1998";2;"Eleição Ordinária";1;1998001;"ELEIÇÕES ORDINÁRIAS - 1998";"04/10/1998";"F";"AC";"BR";"BRASIL";"01570";"ASSIS BRASIL";6;1;"Presidente";280002801000271;27;"JOSÉ MARIA EYMAEL";"EYMAEL";"#NE";2;"DEFERIDO";-3;"#NE";"PARTIDO ISOLADO";27;"PSDC";"Partido Social Democrata Cristão";-3;"#NE";"#NE";"#NE";-3;"PARTIDO ISOLADO";"PSDC";"N";0;"#NE";12;4;"NÃO ELEITO"
"20/09/2023";"17:53:41";"1998";2;"Eleição Ordinária";1;1998001;"ELEIÇÕES ORDINÁRIAS - 1998";"04/10/1998";"F";"AC";"BR";"BRASIL";"01570";"ASSIS BRASIL";6;1;"Presidente";280002801000451;45;"FERNANDO HENRIQUE CARDOSO";"FERNANDO HENRIQUE";"#NE";2;"DEFERIDO";-3;"#NE";"COLIGAÇÃO";45;"PSDB";"Partido da Social Democracia Brasileira";-3;"#NE";"#NE";"#NE";-3;"UNIÃO TRABALHO E PROGRESSO";"PPB / PTB / PFL / PSD / PSDB ";"N";0;"#NE";971;1;"ELEITO"
"20/09/2023";"17:53:41";"1998";2;"Eleição Ordinária";1;1998001;"ELEIÇÕES ORDINÁRIAS - 1998";"04/10/1998";"F";"AC";"BR";"BRASIL";"01570";"ASSIS BRASIL";6;1;"Presidente";280002801000701;70;"JOÃO DE DEUS BARBOSA DE JESUS";"JOÃO DE DEUS BARBOSA";"#NE";2;"DEFERIDO";-3;"#NE";"PARTIDO ISOLADO";70;"PT do B";"Partido Trabalhista do Brasil";-3;"#NE";"#NE";"#NE";-3;"PARTIDO ISOLADO";"PT do B";"N";0;"#NE";31;4;"NÃO ELEITO"
"20/09/2023";"17:53:41";"1998";2;"Eleição Ordinária";1;1998001;"ELEIÇÕES ORDINÁRIAS - 1998";"04/10/1998";"F";"AC";"BR";"BRASIL";"01570";"ASSIS BRASIL";6;1;"Presidente";280002801000131;13;"LUIZ INÁCIO LULA DA SILVA";"LULA";"#NE";2;"DEFERIDO";-3;"#NE";"COLIGAÇÃO";13;"PT";"Partido dos Trabalhadores";-3;"#NE";"#NE";"#NE";-3;"UNIÃO DO POVO MUDA BRASIL";"PDT / PT / PCB / PSB / PC do B ";"N";0;"#NE";551;4;"NÃO ELEITO"
"20/09/2023";"17:53:41";"1998";2;"Eleição Ordinária";1;1998001;"ELEIÇÕES ORDINÁRIAS - 1998";"04/10/1998";"F";"AC";"BR";"BRASIL";"01570";"ASSIS BRASIL";6;1;"Presidente";280002801000201;20;"SERGIO BUENO";"SERGIO BUENO";"#NE";2;"DEFERIDO";-3;"#NE";"PARTIDO ISOLADO";20;"PSC";"Partido Social Cristão";-3;"#NE";"#NE";"#NE";-3;"PARTIDO ISOLADO";"PSC";"N";0;"#NE";4;4;"NÃO ELEITO"
"20/09/2023";"17:53:41";"1998";2;"Eleição Ordinária";1;1998001;"ELEIÇÕES ORDINÁRIAS - 1998";"04/10/1998";"F";"AC";"BR";"BRASIL";"01570";"ASSIS BRASIL";6;1;"Presidente";280002801000431;43;"ALFREDO HÉLIO SYRKIS";"SIRKIS";"#NE";2;"DEFERIDO";-3;"#NE";"PARTIDO ISOLADO";43;"PV";"Partido Verde";-3;"#NE";"#NE";"#NE";-3;"PARTIDO ISOLADO";"PV";"N";0;"#NE";6;4;"NÃO ELEITO"
"20/09/2023";"17:53:41";"1998";2;"Eleição Ordinária";1;1998001;"ELEIÇÕES ORDINÁRIAS - 1998";"04/10/1998";"F";"AC";"BR";"BRASIL";"01570";"ASSIS BRASIL";6;1;"Presidente";280002801000191;19;"THEREZA TINAJERO RUIZ";"THEREZA RUIZ";"#NE";6;"RENÚNCIA";-3;"#NE";"PARTIDO ISOLADO";19;"PTN";"Partido Trabalhista Nacional";-3;"#NE";"#NE";"#NE";-3;"PARTIDO ISOLADO";"PTN";"N";0;"#NE";10;4;"NÃO ELEITO"
"20/09/2023";"17:53:41";"1998";2;"Eleição Ordinária";1;1998001;"ELEIÇÕES ORDINÁRIAS - 1998";"04/10/1998";"F";"AC";"BR";"BRASIL";"01570";"ASSIS BRASIL";6;1;"Presidente";280002801000311;31;"VASCO AZEVEDO NETO";"VASCO NETO";"#NE";2;"DEFERIDO";-3;"#NE";"PARTIDO ISOLADO";31;"PSN";"Partido da Solidariedade Nacional";-3;"#NE";"#NE";"#NE";-3;"PARTIDO ISOLADO";"PSN";"N";0;"#NE";6;4;"NÃO ELEITO"
"20/09/2023";"17:53:41";"1998";2;"Eleição Ordinária";1;1998001;"ELEIÇÕES ORDINÁRIAS - 1998";"04/10/1998";"F";"AC";"BR";"BRASIL";"01570";"ASSIS BRASIL";6;1;"Presidente";280002801000161;16;"JOSÉ MARIA DE ALMEIDA";"ZÉ MARIA";"#NE";2;"DEFERIDO";-3;"#NE";"PARTIDO ISOLADO";16;"PSTU";"Partido Socialista dos Trabalhadores Unificado";-3;"#NE";"#NE";"#NE";-3;"PARTIDO ISOLADO";"PSTU";"N";0;"#NE";25;4;"NÃO ELEITO"
"20/09/2023";"17:53:41";"1998";2;"Eleição Ordinária";1;1998001;"ELEIÇÕES ORDINÁRIAS - 1998";"04/10/1998";"F";"AC";"BR";"BRASIL";"01058";"BRASILEIA";6;1;"Presidente";280002801000331;33;"IVAN MOACYR DA FROTA";"BRIGADEIRO IVAN FROTA";"#NE";2;"DEFERIDO";-3;"#NE";"PARTIDO ISOLADO";33;"PMN";"Partido da Mobilização Nacional";-3;"#NE";"#NE";"#NE";-3;"PARTIDO ISOLADO";"PMN";"N";0;"#NE";88;4;"NÃO ELEITO"
"20/09/2023";"17:53:41";"1998";2;"Eleição Ordinária";1;1998001;"ELEIÇÕES ORDINÁRIAS - 1998";"04/10/1998";"F";"AC";"BR";"BRASIL";"01058";"BRASILEIA";6;1;"Presidente";280002801000231;23;"CIRO FERREIRA GOMES";"CIRO GOMES";"#NE";2;"DEFERIDO";-3;"#NE";"COLIGAÇÃO";23;"PPS";"Partido Popular Socialista";-3;"#NE";"#NE";"#NE";-3;"BRASIL REAL E JUSTO";"PL / PPS / PAN ";"N";0;"#NE";361;4;"NÃO ELEITO"
"20/09/2023";"17:53:41";"1998";2;"Eleição Ordinária";1;1998001;"ELEIÇÕES ORDINÁRIAS - 1998";"04/10/1998";"F";"AC";"BR";"BRASIL";"01058";"BRASILEIA";6;1;"Presidente";280002801000561;56;"ENÉAS FERREIRA CARNEIRO";"ENÉAS";"#NE";2;"DEFERIDO";-3;"#NE";"PARTIDO ISOLADO";56;"PRONA";"Partido da Reedificação da Ordem Nacional";-3;"#NE";"#NE";"#NE";-3;"PARTIDO ISOLADO";"PRONA";"N";0;"#NE";185;4;"NÃO ELEITO"
"20/09/2023";"17:53:41";"1998";2;"Eleição Ordinária";1;1998001;"ELEIÇÕES ORDINÁRIAS - 1998";"04/10/1998";"F";"AC";"BR";"BRASIL";"01058";"BRASILEIA";6;1;"Presidente";280002801000271;27;"JOSÉ MARIA EYMAEL";"EYMAEL";"#NE";2;"DEFERIDO";-3;"#NE";"PARTIDO ISOLADO";27;"PSDC";"Partido Social Democrata Cristão";-3;"#NE";"#NE";"#NE";-3;"PARTIDO ISOLADO";"PSDC";"N";0;"#NE";37;4;"NÃO ELEITO"
"20/09/2023";"17:53:41";"1998";2;"Eleição Ordinária";1;1998001;"ELEIÇÕES ORDINÁRIAS - 1998";"04/10/1998";"F";"AC";"BR";"BRASIL";"01058";"BRASILEIA";6;1;"Presidente";280002801000451;45;"FERNANDO HENRIQUE CARDOSO";"FERNANDO HENRIQUE";"#NE";2;"DEFERIDO";-3;"#NE";"COLIGAÇÃO";45;"PSDB";"Partido da Social Democracia Brasileira";-3;"#NE";"#NE";"#NE";-3;"UNIÃO TRABALHO E PROGRESSO";"PPB / PTB / PFL / PSD / PSDB ";"N";0;"#NE";3665;1;"ELEITO"
"20/09/2023";"17:53:41";"1998";2;"Eleição Ordinária";1;1998001;"ELEIÇÕES ORDINÁRIAS - 1998";"04/10/1998";"F";"AC";"BR";"BRASIL";"01058";"BRASILEIA";6;1;"Presidente";280002801000701;70;"JOÃO DE DEUS BARBOSA DE JESUS";"JOÃO DE DEUS BARBOSA";"#NE";2;"DEFERIDO";-3;"#NE";"PARTIDO ISOLADO";70;"PT do B";"Partido Trabalhista do Brasil";-3;"#NE";"#NE";"#NE";-3;"PARTIDO ISOLADO";"PT do B";"N";0;"#NE";73;4;"NÃO ELEITO"
"20/09/2023";"17:53:41";"1998";2;"Eleição Ordinária";1;1998001;"ELEIÇÕES ORDINÁRIAS - 1998";"04/10/1998";"F";"AC";"BR";"BRASIL";"01058";"BRASILEIA";6;1;"Presidente";280002801000131;13;"LUIZ INÁCIO LULA DA SILVA";"LULA";"#NE";2;"DEFERIDO";-3;"#NE";"COLIGAÇÃO";13;"PT";"Partido dos Trabalhadores";-3;"#NE";"#NE";"#NE";-3;"UNIÃO DO POVO MUDA BRASIL";"PDT / PT / PCB / PSB / PC do B ";"N";0;"#NE";1726;4;"NÃO ELEITO"
"20/09/2023";"17:53:41";"1998";2;"Eleição Ordinária";1;1998001;"ELEIÇÕES ORDINÁRIAS - 1998";"04/10/1998";"F";"AC";"BR";"BRASIL";"01058";"BRASILEIA";6;1;"Presidente";280002801000201;20;"SERGIO BUENO";"SERGIO BUENO";"#NE";2;"DEFERIDO";-3;"#NE";"PARTIDO ISOLADO";20;"PSC";"Partido Social Cristão";-3;"#NE";"#NE";"#NE";-3;"PARTIDO ISOLADO";"PSC";"N";0;"#NE";15;4;"NÃO ELEITO"
"20/09/2023";"17:53:41";"1998";2;"Eleição Ordinária";1;1998001;"ELEIÇÕES ORDINÁRIAS - 1998";"04/10/1998";"F";"AC";"BR";"BRASIL";"01058";"BRASILEIA";6;1;"Presidente";280002801000431;43;"ALFREDO HÉLIO SYRKIS";"SIRKIS";"#NE";2;"DEFERIDO";-3;"#NE";"PARTIDO ISOLADO";43;"PV";"Partido Verde";-3;"#NE";"#NE";"#NE";-3;"PARTIDO ISOLADO";"PV";"N";0;"#NE";29;4;"NÃO ELEITO"
"20/09/2023";"17:53:41";"1998";2;"Eleição Ordinária";1;1998001;"ELEIÇÕES ORDINÁRIAS - 1998";"04/10/1998";"F";"AC";"BR";"BRASIL";"01058";"BRASILEIA";6;1;"Presidente";280002801000191;19;"THEREZA TINAJERO RUIZ";"THEREZA RUIZ";"#NE";6;"RENÚNCIA";-3;"#NE";"PARTIDO ISOLADO";19;"PTN";"Partido Trabalhista Nacional";-3;"#NE";"#NE";"#NE";-3;"PARTIDO ISOLADO";"PTN";"N";0;"#NE";22;4;"NÃO ELEITO"
"20/09/2023";"17:53:41";"1998";2;"Eleição Ordinária";1;1998001;"ELEIÇÕES ORDINÁRIAS - 1998";"04/10/1998";"F";"AC";"BR";"BRASIL";"01058";"BRASILEIA";6;1;"Presidente";280002801000311;31;"VASCO AZEVEDO NETO";"VASCO NETO";"#NE";2;"DEFERIDO";-3;"#NE";"PARTIDO ISOLADO";31;"PSN";"Partido da Solidariedade Nacional";-3;"#NE";"#NE";"#NE";-3;"PARTIDO ISOLADO";"PSN";"N";0;"#NE";31;4;"NÃO ELEITO"
"20/09/2023";"17:53:41";"1998";2;"Eleição Ordinária";1;1998001;"ELEIÇÕES ORDINÁRIAS - 1998";"04/10/1998";"F";"AC";"BR";"BRASIL";"01058";"BRASILEIA";6;1;"Presidente";280002801000161;16;"JOSÉ MARIA DE ALMEIDA";"ZÉ MARIA";"#NE";2;"DEFERIDO";-3;"#NE";"PARTIDO ISOLADO";16;"PSTU";"Partido Socialista dos Trabalhadores Unificado";-3;"#NE";"#NE";"#NE";-3;"PARTIDO ISOLADO";"PSTU";"N";0;"#NE";56;4;"NÃO ELEITO"
"20/09/2023";"17:53:41";"1998";2;"Eleição Ordinária";1;1998001;"ELEIÇÕES ORDINÁRIAS - 1998";"04/10/1998";"F";"AC";"BR";"BRASIL";"01007";"BUJARI";9;1;"Presidente";280002801000331;33;"IVAN MOACYR DA FROTA";"BRIGADEIRO IVAN FROTA";"#NE";2;"DEFERIDO";-3;"#NE";"PARTIDO ISOLADO";33;"PMN";"Partido da Mobilização Nacional";-3;"#NE";"#NE";"#NE";-3;"PARTIDO ISOLADO";"PMN";"N";0;"#NE";18;4;"NÃO ELEITO"
"20/09/2023";"17:53:41";"1998";2;"Eleição Ordinária";1;1998001;"ELEIÇÕES ORDINÁRIAS - 1998";"04/10/1998";"F";"AC";"BR";"BRASIL";"01007";"BUJARI";9;1;"Presidente";280002801000231;23;"CIRO FERREIRA GOMES";"CIRO GOMES";"#NE";2;"DEFERIDO";-3;"#NE";"COLIGAÇÃO";23;"PPS";"Partido Popular Socialista";-3;"#NE";"#NE";"#NE";-3;"BRASIL REAL E JUSTO";"PL / PPS / PAN ";"N";0;"#NE";425;4;"NÃO ELEITO"
"20/09/2023";"17:53:41";"1998";2;"Eleição Ordinária";1;1998001;"ELEIÇÕES ORDINÁRIAS - 1998";"04/10/1998";"F";"AC";"BR";"BRASIL";"01007";"BUJARI";9;1;"Presidente";280002801000561;56;"ENÉAS FERREIRA CARNEIRO";"ENÉAS";"#NE";2;"DEFERIDO";-3;"#NE";"PARTIDO ISOLADO";56;"PRONA";"Partido da Reedificação da Ordem Nacional";-3;"#NE";"#NE";"#NE";-3;"PARTIDO ISOLADO";"PRONA";"N";0;"#NE";120;4;"NÃO ELEITO"
"20/09/2023";"17:53:41";"1998";2;"Eleição Ordinária";1;1998001;"ELEIÇÕES ORDINÁRIAS - 1998";"04/10/1998";"F";"AC";"BR";"BRASIL";"01007";"BUJARI";9;1;"Presidente";280002801000271;27;"JOSÉ MARIA EYMAEL";"EYMAEL";"#NE";2;"DEFERIDO";-3;"#NE";"PARTIDO ISOLADO";27;"PSDC";"Partido Social Democrata Cristão";-3;"#NE";"#NE";"#NE";-3;"PARTIDO ISOLADO";"PSDC";"N";0;"#NE";9;4;"NÃO ELEITO"
